{"cameraMode":{"drawMode":0,"name":"Shaded","section":"Shading Mode"},"sceneLighting":true,"audioPlay":false,"sceneViewState":{"m_AlwaysRefresh":false,"showFog":true,"showSkybox":true,"showFlares":true,"showImageEffects":true,"showParticleSystems":true,"showVisualEffectGraphs":true,"m_FxEnabled":true},"in2DMode":false,"pivot":{"x":1.9735438823699952,"y":3.842594861984253,"z":-12.678577423095704},"rotation":{"x":-0.33461663126945498,"y":0.40806248784065249,"z":-0.16550438106060029,"w":-0.8324251174926758},"size":8.164042472839356,"orthographic":false}