{"cameraMode":{"drawMode":0,"name":"Shaded","section":"Shading Mode"},"sceneLighting":false,"audioPlay":false,"sceneViewState":{"m_AlwaysRefresh":false,"showFog":true,"showSkybox":false,"showFlares":true,"showImageEffects":true,"showParticleSystems":true,"showVisualEffectGraphs":true,"m_FxEnabled":true},"in2DMode":false,"pivot":{"x":0.24149703979492188,"y":1.9021248817443848,"z":0.769303560256958},"rotation":{"x":-0.33461663126945498,"y":0.40806248784065249,"z":-0.16550438106060029,"w":-0.8324251174926758},"size":6.089075565338135,"orthographic":false}